,Tipo,Cantidad
0,entraron,139.53333333333333
1,salieron,13.783333333333333
