,Tipo,Cantidad
0,entraron,242.96666666666667
1,salieron,111.73333333333333
