,Tipo,Cantidad
0,entraron,38.61666666666667
1,salieron,17.333333333333332
